{"cameraMode":{"drawMode":0,"name":"Shaded","section":"Shading Mode"},"sceneLighting":true,"audioPlay":false,"sceneViewState":{"showFog":true,"showMaterialUpdate":false,"showSkybox":true,"showFlares":true,"showImageEffects":true,"showParticleSystems":true},"in2DMode":false,"pivot":{"x":194.1985321044922,"y":5.0780029296875,"z":-212.54339599609376},"rotation":{"x":-0.13430006802082063,"y":0.7163898348808289,"z":-0.1437283605337143,"w":-0.6693962812423706},"size":79.28591918945313,"orthographic":false}