{"cameraMode":{"drawMode":0,"name":"Shaded","section":"Shading Mode"},"sceneLighting":false,"audioPlay":false,"sceneViewState":{"showFog":true,"showMaterialUpdate":false,"showSkybox":true,"showFlares":true,"showImageEffects":true,"showParticleSystems":true},"in2DMode":false,"pivot":{"x":-31.979999542236329,"y":0.6093388795852661,"z":-0.5499998331069946},"rotation":{"x":-0.12848471105098725,"y":0.7117934823036194,"z":-0.1350475698709488,"w":-0.6772030591964722},"size":4.07657527923584,"orthographic":false}