{"cameraMode":{"drawMode":0,"name":"Shaded","section":"Shading Mode"},"sceneLighting":false,"audioPlay":false,"sceneViewState":{"showFog":true,"showMaterialUpdate":false,"showSkybox":true,"showFlares":true,"showImageEffects":true,"showParticleSystems":true},"in2DMode":false,"pivot":{"x":-0.15401554107666017,"y":2.6421518325805666,"z":-0.11139345169067383},"rotation":{"x":-0.016504647210240365,"y":0.7257295250892639,"z":-0.017420867457985879,"w":-0.687561571598053},"size":13.64869213104248,"orthographic":false}