{"cameraMode":{"drawMode":0,"name":"Shaded","section":"Shading Mode"},"sceneLighting":false,"audioPlay":false,"sceneViewState":{"showFog":true,"showMaterialUpdate":false,"showSkybox":true,"showFlares":true,"showImageEffects":true,"showParticleSystems":true},"in2DMode":false,"pivot":{"x":773.0822143554688,"y":115.97198486328125,"z":4.513675689697266},"rotation":{"x":0.14460422098636628,"y":-0.4529842734336853,"z":0.07473019510507584,"w":0.8765330910682678},"size":70.00360870361328,"orthographic":false}