{"cameraMode":{"drawMode":0,"name":"Shaded","section":"Shading Mode"},"sceneLighting":true,"audioPlay":false,"sceneViewState":{"showFog":true,"showMaterialUpdate":false,"showSkybox":true,"showFlares":true,"showImageEffects":true,"showParticleSystems":true},"in2DMode":false,"pivot":{"x":225.9215545654297,"y":33.71925354003906,"z":-169.97940063476563},"rotation":{"x":0.08211339265108109,"y":-0.5345445275306702,"z":0.052284106612205508,"w":0.8395153284072876},"size":107.06668090820313,"orthographic":false}