{"cameraMode":{"drawMode":0,"name":"Shaded","section":"Shading Mode"},"sceneLighting":false,"audioPlay":false,"sceneViewState":{"showFog":true,"showMaterialUpdate":false,"showSkybox":true,"showFlares":true,"showImageEffects":true,"showParticleSystems":true},"in2DMode":false,"pivot":{"x":19.78168296813965,"y":8.137825012207032,"z":-7.850592613220215},"rotation":{"x":-0.10919003188610077,"y":0.683922290802002,"z":-0.10463476181030274,"w":-0.7137082815170288},"size":4.5849480628967289,"orthographic":false}