{"cameraMode":{"drawMode":0,"name":"Shaded","section":"Shading Mode"},"sceneLighting":true,"audioPlay":false,"sceneViewState":{"showFog":true,"showMaterialUpdate":false,"showSkybox":true,"showFlares":true,"showImageEffects":true,"showParticleSystems":true},"in2DMode":false,"pivot":{"x":169.1082763671875,"y":-26.787517547607423,"z":-412.6368408203125},"rotation":{"x":-0.06879988312721253,"y":0.9310965538024902,"z":-0.2460073083639145,"w":-0.2603963017463684},"size":470.8233337402344,"orthographic":false}